SQL> -- ------------------------------------------------------------
SQL> --
SQL> -- Name: Silas Agnew
SQL> --
SQL> -- -------------------------------------------------------------
SQL> --
SQL> -- NULL AND SUBSTRINGS -------------------------------
SQL> --
SQL> /*(10B)
SQL> Find the ssn and last name of every employee whose ssn contains two consecutive 8's, and has a supervisor. Sort the results by ssn.
SQL> */
SQL> SELECT ssn, Lname
  2  FROM employee
  3  WHERE ssn LIKE '%88%' AND Super_ssn IS NOT NULL
  4  ORDER BY ssn;

SSN       LNAME                                                                 
--------- ---------------                                                       
666884444 Narayan                                                               
999887777 Zelaya                                                                

SQL> -- JOINING 3 TABLES ------------------------------
SQL> --
SQL> /*(11B)
SQL> For every employee who works for more than 20 hours on any project that is controlled by the research department: Find the ssn, project number,  and number of hours. Sort the results by ssn.
SQL> */
SQL> SELECT DISTINCT W.Essn, W.Pno, W.Hours
  2  FROM works_on W, project P, department D
  3  WHERE W.Hours > 20 AND W.Pno = P.Pnumber AND P.Dnum = 5
  4  ORDER BY Essn;

ESSN             PNO      HOURS                                                 
--------- ---------- ----------                                                 
123456789          1       32.5                                                 
666884444          3         40                                                 

SQL> --
SQL> -- JOINING 3 TABLES ---------------------------
SQL> --
SQL> /*(12B)
SQL> Write a query that consists of one block only.
SQL> For every employee who works less than 10 hours on any project that is controlled by the department he works for: Find the employee's lname, his department number, project number, the number of the department controlling it, and the number of hours he works on that project. Sort the results by lname.
SQL> */
SQL> SELECT E.Lname, E.Dno, P.Pnumber, P.Dnum, W.Hours
  2  FROM employee E, project P, works_on W
  3  WHERE W.Hours < 10 AND E.Dno = P.Dnum
  4  ORDER BY E.Lname;

LNAME                  DNO    PNUMBER       DNUM      HOURS                     
--------------- ---------- ---------- ---------- ----------                     
Borg                     1         20          1        7.5                     
Borg                     1         20          1          5                     
English                  5          1          5          5                     
English                  5          2          5          5                     
English                  5          1          5        7.5                     
English                  5          3          5        7.5                     
English                  5          2          5        7.5                     
English                  5          3          5          5                     
Jabbar                   4         30          4          5                     
Jabbar                   4         10          4          5                     
Jabbar                   4         10          4        7.5                     

LNAME                  DNO    PNUMBER       DNUM      HOURS                     
--------------- ---------- ---------- ---------- ----------                     
Jabbar                   4         30          4        7.5                     
Narayan                  5          2          5        7.5                     
Narayan                  5          3          5        7.5                     
Narayan                  5          3          5          5                     
Narayan                  5          2          5          5                     
Narayan                  5          1          5          5                     
Narayan                  5          1          5        7.5                     
Smith                    5          1          5        7.5                     
Smith                    5          2          5        7.5                     
Smith                    5          3          5        7.5                     
Smith                    5          1          5          5                     

LNAME                  DNO    PNUMBER       DNUM      HOURS                     
--------------- ---------- ---------- ---------- ----------                     
Smith                    5          3          5          5                     
Smith                    5          2          5          5                     
Wallace                  4         10          4          5                     
Wallace                  4         10          4        7.5                     
Wallace                  4         30          4          5                     
Wallace                  4         30          4        7.5                     
Wong                     5          3          5        7.5                     
Wong                     5          1          5        7.5                     
Wong                     5          2          5        7.5                     
Wong                     5          1          5          5                     
Wong                     5          2          5          5                     

LNAME                  DNO    PNUMBER       DNUM      HOURS                     
--------------- ---------- ---------- ---------- ----------                     
Wong                     5          3          5          5                     
Zelaya                   4         10          4          5                     
Zelaya                   4         30          4        7.5                     
Zelaya                   4         10          4        7.5                     
Zelaya                   4         30          4          5                     

38 rows selected.

SQL> --
SQL> -- JOINING 4 TABLES -------------------------
SQL> --
SQL> /*(13B)
SQL> For every employee who works on any project that is located in Houston: Find the employees ssn and lname, and the names of his/her dependent(s) and their relationship(s) to the employee. Notice that there will be one row per qualyfing dependent. Sort the results by employee lname.
SQL> */
SQL> SELECT E.Ssn, E.Lname, D.Dependent_name, D.Relationship
  2  FROM employee E, dependent D, works_on W, project P
  3  WHERE E.Ssn = W.Essn AND E.Ssn = D.Essn AND W.Pno = P.Pnumber AND P.Plocation = 'Houston'
  4  ORDER BY E.Lname;

SSN       LNAME           DEPENDENT_NAME  RELATION                              
--------- --------------- --------------- --------                              
987654321 Wallace         Abner           Spouse                                
333445555 Wong            Theodore        Son                                   
333445555 Wong            Alice           Daughter                              
333445555 Wong            Theodore        Son                                   
333445555 Wong            Alice           Daughter                              
333445555 Wong            Joy             Spouse                                
333445555 Wong            Joy             Spouse                                

7 rows selected.

SQL> --
SQL> -- SELF JOIN -------------------------------------------
SQL> --
SQL> /*(14B)
SQL> Write a query that consists of one block only.
SQL> For every employee who works for a department that is different from his supervisor's department: Find his ssn, lname, department number; and his supervisor's ssn, lname, and department number. Sort the results by ssn.
SQL> */
SQL> SELECT E1.Ssn, E1.Lname, E1.Dno, E2.Ssn, E2.Lname, E2.Dno
  2  FROM employee E1, employee E2
  3  WHERE E1.Dno <> E2.Dno AND E1.Super_ssn = E2.Ssn
  4  ORDER BY E1.Ssn;

SSN       LNAME                  DNO SSN       LNAME                  DNO       
--------- --------------- ---------- --------- --------------- ----------       
333445555 Wong                     5 888665555 Borg                     1       
987654321 Wallace                  4 888665555 Borg                     1       

SQL> --
SQL> -- USING MORE THAN ONE RANGE VARIABLE ON ONE TABLE -------------------
SQL> --
SQL> /*(15B)
SQL> Find pairs of employee lname's such that the two employees in the pair work on the same project for the same number of hours. List every pair once only. Sort the result by the lname in the left column in the result.
SQL> */
SQL> SELECT E1.lname, E2.lname
  2  FROM employee E1, employee E2, works_on W1, works_on W2
  3  WHERE E1.Ssn = W1.Essn AND E2.Ssn = W2.Essn AND W1.Pno = W2.Pno AND W1.Hours = W2.Hours AND E1.Ssn < E2.Ssn
  4  ORDER BY E1.lname;

LNAME           LNAME                                                           
--------------- ---------------                                                 
Wong            Zelaya                                                          

SQL> --
SQL> /*(16B)
SQL> For every employee who has more than one dependent: Find the ssn, lname, and number of dependents. Sort the result by lname
SQL> */
SQL> SELECT E.Ssn, E.lname, Count(D.Dependent_name)
  2  FROM employee E, dependent D
  3  WHERE E.Ssn = D.Essn AND (SELECT Count(D1.Dependent_name) FROM dependent D1 WHERE E.Ssn = D1.Essn) > 1
  4  GROUP BY E.lname, E.Ssn
  5  ORDER BY E.lname;

SSN       LNAME           COUNT(D.DEPENDENT_NAME)                               
--------- --------------- -----------------------                               
123456789 Smith                                 3                               
333445555 Wong                                  3                               

SQL> --
SQL> /*(17B)
SQL> For every project that has more than 2 employees working on and the total hours worked on it is less than 40: Find the project number, project name, number of employees working on it, and the total number of hours worked by all employees on that project. Sort the results by project number.
SQL> */
SQL> SELECT P.Pnumber, P.Pname, Count(W.Essn), Sum(W.Hours)
  2  FROM works_on W, project P
  3  WHERE P.Pnumber = W.Pno AND (SELECT Count(Essn)
  4  				  FROM works_on
  5  				  WHERE Pno = P.Pnumber) > 2
  6  	   AND (SELECT SUM(Hours)
  7  		FROM works_on
  8  		WHERE Pno = Pnumber) < 40
  9  GROUP BY P.Pnumber, P.Pname
 10  ORDER BY P.Pnumber;

   PNUMBER PNAME           COUNT(W.ESSN) SUM(W.HOURS)                           
---------- --------------- ------------- ------------                           
         2 ProductY                    3         37.5                           
        20 Reorganization              3           25                           

SQL> --
SQL> -- CORRELATED SUBQUERY --------------------------------
SQL> --
SQL> /*(18B)
SQL> For every employee whose salary is above the average salary in his department: Find the dno, ssn, lname, and salary. Sort the results by department number.
SQL> */
SQL> SELECT E.Dno, E.ssn, E.lname, E.salary
  2  FROM employee E
  3  WHERE (SELECT AVG(E1.salary)
  4  	    FROM employee E1
  5  	    WHERE E.Dno = E1.Dno) <= E.salary
  6  ORDER BY E.Dno;

       DNO SSN       LNAME               SALARY                                 
---------- --------- --------------- ----------                                 
         1 888665555 Borg                 55000                                 
         4 987654321 Wallace              43000                                 
         5 666884444 Narayan              38000                                 
         5 333445555 Wong                 40000                                 

SQL> --
SQL> -- CORRELATED SUBQUERY -------------------------------
SQL> --
SQL> /*(19B)
SQL> For every employee who works for the research department but does not work on any one project for more than 20 hours: Find the ssn and lname. Sort the results by lname
SQL> */
SQL> SELECT E.ssn, E.lname
  2  FROM employee E, department D
  3  WHERE D.Dnumber = E.Dno AND E.ssn NOT IN (SELECT E1.Ssn
  4  					   FROM employee E1, works_on W
  5  					   WHERE E1.Ssn = W.Essn AND W.Hours > 20)
  6  ORDER BY E.lname;

SSN       LNAME                                                                 
--------- ---------------                                                       
888665555 Borg                                                                  
453453453 English                                                               
987654321 Wallace                                                               
333445555 Wong                                                                  

SQL> --
SQL> -- DIVISION ---------------------------------------------
SQL> --
SQL> /*(20B) Hint: This is a DIVISION query
SQL> For every employee who works on every project that is controlled by department 4: Find the ssn and lname. Sort the results by lname
SQL> */
SQL> SELECT E.Ssn, E.lname
  2  FROM employee E
  3  WHERE NOT EXISTS ((SELECT P.Pnumber
  4  			FROM project P
  5  			WHERE P.Dnum = 4)
  6  		       MINUS
  7  		       (SELECT P.Pnumber
  8  			FROM project P, works_on W
  9  			WHERE W.Essn = E.Ssn AND
 10  			      W.Pno = P.Pnumber AND
 11  			      P.Dnum = 4))
 12  ORDER BY E.lname;

SSN       LNAME                                                                 
--------- ---------------                                                       
987987987 Jabbar                                                                
999887777 Zelaya                                                                

SQL> --
SQL> SET ECHO OFF
